Algoritmo,Score TOPSIS,Ranking
AES-256-GCM,0.37650733154617455,1
ChaCha20,0.6576008251680562,2
AES-128-GCM,0.46248317953413925,3
